"area_fips","own_code","industry_code","agglvl_code","size_code","year","qtr","disclosure_code","area_title","own_title","industry_title","agglvl_title","size_title","qtrly_estabs_count","month1_emplvl","month2_emplvl","month3_emplvl","total_qtrly_wages","taxable_qtrly_wages","qtrly_contributions","avg_wkly_wage"
"38087",0,10,70,0,2007,1,"","Slope County, North Dakota","Total Covered","Total, all industries","County, Total Covered","All establishment sizes",23,108,108,115,1255491,1123531,5531,875
"38087",0,"10",70,0,2007,2,"","Slope County, North Dakota","Total Covered","Total, all industries","County, Total Covered","All establishment sizes",23,120,127,158,1467032,587126,4928,836
"38087",0,"10",70,0,2007,3,"","Slope County, North Dakota","Total Covered","Total, all industries","County, Total Covered","All establishment sizes",24,164,184,196,2465990,913702,11823,1046
"38087",0,"10",70,0,2007,4,"","Slope County, North Dakota","Total Covered","Total, all industries","County, Total Covered","All establishment sizes",23,202,210,197,2448529,655514,8303,928
"38087",1,10,71,0,2007,1,"","Slope County, North Dakota","Federal Government","Total, all industries","County, Total -- by ownership sector","All establishment sizes",2,4,1,4,5277,0,0,135
"38087",1,"10",71,0,2007,2,"","Slope County, North Dakota","Federal Government","Total, all industries","County, Total -- by ownership sector","All establishment sizes",2,5,2,3,7155,0,0,165
"38087",1,"10",71,0,2007,3,"","Slope County, North Dakota","Federal Government","Total, all industries","County, Total -- by ownership sector","All establishment sizes",2,5,2,3,6205,0,0,143
"38087",1,"10",71,0,2007,4,"","Slope County, North Dakota","Federal Government","Total, all industries","County, Total -- by ownership sector","All establishment sizes",2,3,4,4,6752,0,0,142
"38087",1,102,72,0,2007,1,"","Slope County, North Dakota","Federal Government","Service-Providing","County, by Domain -- by ownership sector","All establishment sizes",2,4,1,4,5277,0,0,135
"38087",1,"102",72,0,2007,2,"","Slope County, North Dakota","Federal Government","Service-Providing","County, by Domain -- by ownership sector","All establishment sizes",2,5,2,3,7155,0,0,165
"38087",1,"102",72,0,2007,3,"","Slope County, North Dakota","Federal Government","Service-Providing","County, by Domain -- by ownership sector","All establishment sizes",2,5,2,3,6205,0,0,143
"38087",1,"102",72,0,2007,4,"","Slope County, North Dakota","Federal Government","Service-Providing","County, by Domain -- by ownership sector","All establishment sizes",2,3,4,4,6752,0,0,142
"38087",1,1021,73,0,2007,1,"","Slope County, North Dakota","Federal Government","Trade, Transportation, and Utilities","County, by Supersector -- by ownership sector","All establishment sizes",1,2,1,1,4884,0,0,282
"38087",1,"1021",73,0,2007,2,"","Slope County, North Dakota","Federal Government","Trade, Transportation, and Utilities","County, by Supersector -- by ownership sector","All establishment sizes",1,2,2,2,6467,0,0,249
"38087",1,"1021",73,0,2007,3,"","Slope County, North Dakota","Federal Government","Trade, Transportation, and Utilities","County, by Supersector -- by ownership sector","All establishment sizes",1,2,2,2,5552,0,0,214
"38087",1,"1021",73,0,2007,4,"","Slope County, North Dakota","Federal Government","Trade, Transportation, and Utilities","County, by Supersector -- by ownership sector","All establishment sizes",1,2,1,2,6035,0,0,279
"38087",1,1028,73,0,2007,1,"","Slope County, North Dakota","Federal Government","Public Administration","County, by Supersector -- by ownership sector","All establishment sizes",1,2,0,3,393,0,0,18
"38087",1,"1028",73,0,2007,2,"","Slope County, North Dakota","Federal Government","Public Administration","County, by Supersector -- by ownership sector","All establishment sizes",1,3,0,1,688,0,0,40
"38087",1,"1028",73,0,2007,3,"","Slope County, North Dakota","Federal Government","Public Administration","County, by Supersector -- by ownership sector","All establishment sizes",1,3,0,1,653,0,0,38
"38087",1,"1028",73,0,2007,4,"","Slope County, North Dakota","Federal Government","Public Administration","County, by Supersector -- by ownership sector","All establishment sizes",1,1,3,2,717,0,0,28
"38087",1,48-49,74,0,2007,1,"","Slope County, North Dakota","Federal Government","Transportation and warehousing","County, NAICS Sector -- by ownership sector","All establishment sizes",1,2,1,1,4884,0,0,282
"38087",1,"48-49",74,0,2007,2,"","Slope County, North Dakota","Federal Government","Transportation and warehousing","County, NAICS Sector -- by ownership sector","All establishment sizes",1,2,2,2,6467,0,0,249
"38087",1,"48-49",74,0,2007,3,"","Slope County, North Dakota","Federal Government","Transportation and warehousing","County, NAICS Sector -- by ownership sector","All establishment sizes",1,2,2,2,5552,0,0,214
"38087",1,"48-49",74,0,2007,4,"","Slope County, North Dakota","Federal Government","Transportation and warehousing","County, NAICS Sector -- by ownership sector","All establishment sizes",1,2,1,2,6035,0,0,279
"38087",1,491,75,0,2007,1,"","Slope County, North Dakota","Federal Government","Postal service","County, NAICS 3-digit -- by ownership sector","All establishment sizes",1,2,1,1,4884,0,0,282
"38087",1,"491",75,0,2007,2,"","Slope County, North Dakota","Federal Government","Postal service","County, NAICS 3-digit -- by ownership sector","All establishment sizes",1,2,2,2,6467,0,0,249
"38087",1,"491",75,0,2007,3,"","Slope County, North Dakota","Federal Government","Postal service","County, NAICS 3-digit -- by ownership sector","All establishment sizes",1,2,2,2,5552,0,0,214
"38087",1,"491",75,0,2007,4,"","Slope County, North Dakota","Federal Government","Postal service","County, NAICS 3-digit -- by ownership sector","All establishment sizes",1,2,1,2,6035,0,0,279
"38087",1,4911,76,0,2007,1,"","Slope County, North Dakota","Federal Government","Postal service","County, NAICS 4-digit -- by ownership sector","All establishment sizes",1,2,1,1,4884,0,0,282
"38087",1,"4911",76,0,2007,2,"","Slope County, North Dakota","Federal Government","Postal service","County, NAICS 4-digit -- by ownership sector","All establishment sizes",1,2,2,2,6467,0,0,249
"38087",1,"4911",76,0,2007,3,"","Slope County, North Dakota","Federal Government","Postal service","County, NAICS 4-digit -- by ownership sector","All establishment sizes",1,2,2,2,5552,0,0,214
"38087",1,"4911",76,0,2007,4,"","Slope County, North Dakota","Federal Government","Postal service","County, NAICS 4-digit -- by ownership sector","All establishment sizes",1,2,1,2,6035,0,0,279
"38087",1,49111,77,0,2007,1,"","Slope County, North Dakota","Federal Government","Postal service","County, NAICS 5-digit -- by ownership sector","All establishment sizes",1,2,1,1,4884,0,0,282
"38087",1,"49111",77,0,2007,2,"","Slope County, North Dakota","Federal Government","Postal service","County, NAICS 5-digit -- by ownership sector","All establishment sizes",1,2,2,2,6467,0,0,249
"38087",1,"49111",77,0,2007,3,"","Slope County, North Dakota","Federal Government","Postal service","County, NAICS 5-digit -- by ownership sector","All establishment sizes",1,2,2,2,5552,0,0,214
"38087",1,"49111",77,0,2007,4,"","Slope County, North Dakota","Federal Government","Postal service","County, NAICS 5-digit -- by ownership sector","All establishment sizes",1,2,1,2,6035,0,0,279
"38087",1,491110,78,0,2007,1,"","Slope County, North Dakota","Federal Government","Postal service","County, NAICS 6-digit -- by ownership sector","All establishment sizes",1,2,1,1,4884,0,0,282
"38087",1,"491110",78,0,2007,2,"","Slope County, North Dakota","Federal Government","Postal service","County, NAICS 6-digit -- by ownership sector","All establishment sizes",1,2,2,2,6467,0,0,249
"38087",1,"491110",78,0,2007,3,"","Slope County, North Dakota","Federal Government","Postal service","County, NAICS 6-digit -- by ownership sector","All establishment sizes",1,2,2,2,5552,0,0,214
"38087",1,"491110",78,0,2007,4,"","Slope County, North Dakota","Federal Government","Postal service","County, NAICS 6-digit -- by ownership sector","All establishment sizes",1,2,1,2,6035,0,0,279
"38087",1,92,74,0,2007,1,"","Slope County, North Dakota","Federal Government","Public Administration","County, NAICS Sector -- by ownership sector","All establishment sizes",1,2,0,3,393,0,0,18
"38087",1,"92",74,0,2007,2,"","Slope County, North Dakota","Federal Government","Public Administration","County, NAICS Sector -- by ownership sector","All establishment sizes",1,3,0,1,688,0,0,40
"38087",1,"92",74,0,2007,3,"","Slope County, North Dakota","Federal Government","Public Administration","County, NAICS Sector -- by ownership sector","All establishment sizes",1,3,0,1,653,0,0,38
"38087",1,"92",74,0,2007,4,"","Slope County, North Dakota","Federal Government","Public Administration","County, NAICS Sector -- by ownership sector","All establishment sizes",1,1,3,2,717,0,0,28
"38087",1,926,75,0,2007,1,"","Slope County, North Dakota","Federal Government","Administration of economic programs","County, NAICS 3-digit -- by ownership sector","All establishment sizes",1,2,0,3,393,0,0,18
"38087",1,"926",75,0,2007,2,"","Slope County, North Dakota","Federal Government","Administration of economic programs","County, NAICS 3-digit -- by ownership sector","All establishment sizes",1,3,0,1,688,0,0,40
"38087",1,"926",75,0,2007,3,"","Slope County, North Dakota","Federal Government","Administration of economic programs","County, NAICS 3-digit -- by ownership sector","All establishment sizes",1,3,0,1,653,0,0,38
"38087",1,"926",75,0,2007,4,"","Slope County, North Dakota","Federal Government","Administration of economic programs","County, NAICS 3-digit -- by ownership sector","All establishment sizes",1,1,3,2,717,0,0,28
"38087",1,9261,76,0,2007,1,"","Slope County, North Dakota","Federal Government","Administration of economic programs","County, NAICS 4-digit -- by ownership sector","All establishment sizes",1,2,0,3,393,0,0,18
"38087",1,"9261",76,0,2007,2,"","Slope County, North Dakota","Federal Government","Administration of economic programs","County, NAICS 4-digit -- by ownership sector","All establishment sizes",1,3,0,1,688,0,0,40
"38087",1,"9261",76,0,2007,3,"","Slope County, North Dakota","Federal Government","Administration of economic programs","County, NAICS 4-digit -- by ownership sector","All establishment sizes",1,3,0,1,653,0,0,38
"38087",1,"9261",76,0,2007,4,"","Slope County, North Dakota","Federal Government","Administration of economic programs","County, NAICS 4-digit -- by ownership sector","All establishment sizes",1,1,3,2,717,0,0,28
"38087",1,92614,77,0,2007,1,"","Slope County, North Dakota","Federal Government","Agricultural market and commodity regulation","County, NAICS 5-digit -- by ownership sector","All establishment sizes",1,2,0,3,393,0,0,18
"38087",1,"92614",77,0,2007,2,"","Slope County, North Dakota","Federal Government","Agricultural market and commodity regulation","County, NAICS 5-digit -- by ownership sector","All establishment sizes",1,3,0,1,688,0,0,40
"38087",1,"92614",77,0,2007,3,"","Slope County, North Dakota","Federal Government","Agricultural market and commodity regulation","County, NAICS 5-digit -- by ownership sector","All establishment sizes",1,3,0,1,653,0,0,38
"38087",1,"92614",77,0,2007,4,"","Slope County, North Dakota","Federal Government","Agricultural market and commodity regulation","County, NAICS 5-digit -- by ownership sector","All establishment sizes",1,1,3,2,717,0,0,28
"38087",1,926140,78,0,2007,1,"","Slope County, North Dakota","Federal Government","Agricultural market and commodity regulation","County, NAICS 6-digit -- by ownership sector","All establishment sizes",1,2,0,3,393,0,0,18
"38087",1,"926140",78,0,2007,2,"","Slope County, North Dakota","Federal Government","Agricultural market and commodity regulation","County, NAICS 6-digit -- by ownership sector","All establishment sizes",1,3,0,1,688,0,0,40
"38087",1,"926140",78,0,2007,3,"","Slope County, North Dakota","Federal Government","Agricultural market and commodity regulation","County, NAICS 6-digit -- by ownership sector","All establishment sizes",1,3,0,1,653,0,0,38
"38087",1,"926140",78,0,2007,4,"","Slope County, North Dakota","Federal Government","Agricultural market and commodity regulation","County, NAICS 6-digit -- by ownership sector","All establishment sizes",1,1,3,2,717,0,0,28
"38087",2,10,71,0,2007,1,"N","Slope County, North Dakota","State Government","Total, all industries","County, Total -- by ownership sector","All establishment sizes",2,0,0,0,0,0,0,0
"38087",2,"10",71,0,2007,2,"N","Slope County, North Dakota","State Government","Total, all industries","County, Total -- by ownership sector","All establishment sizes",2,0,0,0,0,0,0,0
"38087",2,"10",71,0,2007,3,"N","Slope County, North Dakota","State Government","Total, all industries","County, Total -- by ownership sector","All establishment sizes",2,0,0,0,0,0,0,0
"38087",2,"10",71,0,2007,4,"N","Slope County, North Dakota","State Government","Total, all industries","County, Total -- by ownership sector","All establishment sizes",2,0,0,0,0,0,0,0
"38087",2,102,72,0,2007,1,"N","Slope County, North Dakota","State Government","Service-Providing","County, by Domain -- by ownership sector","All establishment sizes",2,0,0,0,0,0,0,0
"38087",2,"102",72,0,2007,2,"N","Slope County, North Dakota","State Government","Service-Providing","County, by Domain -- by ownership sector","All establishment sizes",2,0,0,0,0,0,0,0
"38087",2,"102",72,0,2007,3,"N","Slope County, North Dakota","State Government","Service-Providing","County, by Domain -- by ownership sector","All establishment sizes",2,0,0,0,0,0,0,0
"38087",2,"102",72,0,2007,4,"N","Slope County, North Dakota","State Government","Service-Providing","County, by Domain -- by ownership sector","All establishment sizes",2,0,0,0,0,0,0,0
"38087",2,1028,73,0,2007,1,"N","Slope County, North Dakota","State Government","Public Administration","County, by Supersector -- by ownership sector","All establishment sizes",2,0,0,0,0,0,0,0
"38087",2,"1028",73,0,2007,2,"N","Slope County, North Dakota","State Government","Public Administration","County, by Supersector -- by ownership sector","All establishment sizes",2,0,0,0,0,0,0,0
"38087",2,"1028",73,0,2007,3,"N","Slope County, North Dakota","State Government","Public Administration","County, by Supersector -- by ownership sector","All establishment sizes",2,0,0,0,0,0,0,0
"38087",2,"1028",73,0,2007,4,"N","Slope County, North Dakota","State Government","Public Administration","County, by Supersector -- by ownership sector","All establishment sizes",2,0,0,0,0,0,0,0
"38087",2,92,74,0,2007,1,"N","Slope County, North Dakota","State Government","Public Administration","County, NAICS Sector -- by ownership sector","All establishment sizes",2,0,0,0,0,0,0,0
"38087",2,"92",74,0,2007,2,"N","Slope County, North Dakota","State Government","Public Administration","County, NAICS Sector -- by ownership sector","All establishment sizes",2,0,0,0,0,0,0,0
"38087",2,"92",74,0,2007,3,"N","Slope County, North Dakota","State Government","Public Administration","County, NAICS Sector -- by ownership sector","All establishment sizes",2,0,0,0,0,0,0,0
"38087",2,"92",74,0,2007,4,"N","Slope County, North Dakota","State Government","Public Administration","County, NAICS Sector -- by ownership sector","All establishment sizes",2,0,0,0,0,0,0,0
"38087",2,924,75,0,2007,1,"N","Slope County, North Dakota","State Government","Administration of environmental programs","County, NAICS 3-digit -- by ownership sector","All establishment sizes",1,0,0,0,0,0,0,0
"38087",2,"924",75,0,2007,2,"N","Slope County, North Dakota","State Government","Administration of environmental programs","County, NAICS 3-digit -- by ownership sector","All establishment sizes",1,0,0,0,0,0,0,0
"38087",2,"924",75,0,2007,3,"N","Slope County, North Dakota","State Government","Administration of environmental programs","County, NAICS 3-digit -- by ownership sector","All establishment sizes",1,0,0,0,0,0,0,0
"38087",2,"924",75,0,2007,4,"N","Slope County, North Dakota","State Government","Administration of environmental programs","County, NAICS 3-digit -- by ownership sector","All establishment sizes",1,0,0,0,0,0,0,0
"38087",2,9241,76,0,2007,1,"N","Slope County, North Dakota","State Government","Administration of environmental programs","County, NAICS 4-digit -- by ownership sector","All establishment sizes",1,0,0,0,0,0,0,0
"38087",2,"9241",76,0,2007,2,"N","Slope County, North Dakota","State Government","Administration of environmental programs","County, NAICS 4-digit -- by ownership sector","All establishment sizes",1,0,0,0,0,0,0,0
"38087",2,"9241",76,0,2007,3,"N","Slope County, North Dakota","State Government","Administration of environmental programs","County, NAICS 4-digit -- by ownership sector","All establishment sizes",1,0,0,0,0,0,0,0
"38087",2,"9241",76,0,2007,4,"N","Slope County, North Dakota","State Government","Administration of environmental programs","County, NAICS 4-digit -- by ownership sector","All establishment sizes",1,0,0,0,0,0,0,0
"38087",2,92412,77,0,2007,1,"N","Slope County, North Dakota","State Government","Administration of conservation programs","County, NAICS 5-digit -- by ownership sector","All establishment sizes",1,0,0,0,0,0,0,0
"38087",2,"92412",77,0,2007,2,"N","Slope County, North Dakota","State Government","Administration of conservation programs","County, NAICS 5-digit -- by ownership sector","All establishment sizes",1,0,0,0,0,0,0,0
"38087",2,"92412",77,0,2007,3,"N","Slope County, North Dakota","State Government","Administration of conservation programs","County, NAICS 5-digit -- by ownership sector","All establishment sizes",1,0,0,0,0,0,0,0
"38087",2,"92412",77,0,2007,4,"N","Slope County, North Dakota","State Government","Administration of conservation programs","County, NAICS 5-digit -- by ownership sector","All establishment sizes",1,0,0,0,0,0,0,0
"38087",2,924120,78,0,2007,1,"N","Slope County, North Dakota","State Government","Administration of conservation programs","County, NAICS 6-digit -- by ownership sector","All establishment sizes",1,0,0,0,0,0,0,0
"38087",2,"924120",78,0,2007,2,"N","Slope County, North Dakota","State Government","Administration of conservation programs","County, NAICS 6-digit -- by ownership sector","All establishment sizes",1,0,0,0,0,0,0,0
"38087",2,"924120",78,0,2007,3,"N","Slope County, North Dakota","State Government","Administration of conservation programs","County, NAICS 6-digit -- by ownership sector","All establishment sizes",1,0,0,0,0,0,0,0
"38087",2,"924120",78,0,2007,4,"N","Slope County, North Dakota","State Government","Administration of conservation programs","County, NAICS 6-digit -- by ownership sector","All establishment sizes",1,0,0,0,0,0,0,0
"38087",2,926,75,0,2007,1,"N","Slope County, North Dakota","State Government","Administration of economic programs","County, NAICS 3-digit -- by ownership sector","All establishment sizes",1,0,0,0,0,0,0,0
"38087",2,"926",75,0,2007,2,"N","Slope County, North Dakota","State Government","Administration of economic programs","County, NAICS 3-digit -- by ownership sector","All establishment sizes",1,0,0,0,0,0,0,0
"38087",2,"926",75,0,2007,3,"N","Slope County, North Dakota","State Government","Administration of economic programs","County, NAICS 3-digit -- by ownership sector","All establishment sizes",1,0,0,0,0,0,0,0
"38087",2,"926",75,0,2007,4,"N","Slope County, North Dakota","State Government","Administration of economic programs","County, NAICS 3-digit -- by ownership sector","All establishment sizes",1,0,0,0,0,0,0,0
"38087",2,9261,76,0,2007,1,"N","Slope County, North Dakota","State Government","Administration of economic programs","County, NAICS 4-digit -- by ownership sector","All establishment sizes",1,0,0,0,0,0,0,0
"38087",2,"9261",76,0,2007,2,"N","Slope County, North Dakota","State Government","Administration of economic programs","County, NAICS 4-digit -- by ownership sector","All establishment sizes",1,0,0,0,0,0,0,0
"38087",2,"9261",76,0,2007,3,"N","Slope County, North Dakota","State Government","Administration of economic programs","County, NAICS 4-digit -- by ownership sector","All establishment sizes",1,0,0,0,0,0,0,0
"38087",2,"9261",76,0,2007,4,"N","Slope County, North Dakota","State Government","Administration of economic programs","County, NAICS 4-digit -- by ownership sector","All establishment sizes",1,0,0,0,0,0,0,0
"38087",2,92614,77,0,2007,1,"N","Slope County, North Dakota","State Government","Agricultural market and commodity regulation","County, NAICS 5-digit -- by ownership sector","All establishment sizes",1,0,0,0,0,0,0,0
"38087",2,"92614",77,0,2007,2,"N","Slope County, North Dakota","State Government","Agricultural market and commodity regulation","County, NAICS 5-digit -- by ownership sector","All establishment sizes",1,0,0,0,0,0,0,0
"38087",2,"92614",77,0,2007,3,"N","Slope County, North Dakota","State Government","Agricultural market and commodity regulation","County, NAICS 5-digit -- by ownership sector","All establishment sizes",1,0,0,0,0,0,0,0
"38087",2,"92614",77,0,2007,4,"N","Slope County, North Dakota","State Government","Agricultural market and commodity regulation","County, NAICS 5-digit -- by ownership sector","All establishment sizes",1,0,0,0,0,0,0,0
"38087",2,926140,78,0,2007,1,"N","Slope County, North Dakota","State Government","Agricultural market and commodity regulation","County, NAICS 6-digit -- by ownership sector","All establishment sizes",1,0,0,0,0,0,0,0
"38087",2,"926140",78,0,2007,2,"N","Slope County, North Dakota","State Government","Agricultural market and commodity regulation","County, NAICS 6-digit -- by ownership sector","All establishment sizes",1,0,0,0,0,0,0,0
"38087",2,"926140",78,0,2007,3,"N","Slope County, North Dakota","State Government","Agricultural market and commodity regulation","County, NAICS 6-digit -- by ownership sector","All establishment sizes",1,0,0,0,0,0,0,0
"38087",2,"926140",78,0,2007,4,"N","Slope County, North Dakota","State Government","Agricultural market and commodity regulation","County, NAICS 6-digit -- by ownership sector","All establishment sizes",1,0,0,0,0,0,0,0
"38087",3,10,71,0,2007,1,"N","Slope County, North Dakota","Local Government","Total, all industries","County, Total -- by ownership sector","All establishment sizes",5,0,0,0,0,0,0,0
"38087",3,"10",71,0,2007,2,"N","Slope County, North Dakota","Local Government","Total, all industries","County, Total -- by ownership sector","All establishment sizes",5,0,0,0,0,0,0,0
"38087",3,"10",71,0,2007,3,"N","Slope County, North Dakota","Local Government","Total, all industries","County, Total -- by ownership sector","All establishment sizes",5,0,0,0,0,0,0,0
"38087",3,"10",71,0,2007,4,"N","Slope County, North Dakota","Local Government","Total, all industries","County, Total -- by ownership sector","All establishment sizes",5,0,0,0,0,0,0,0
"38087",3,102,72,0,2007,1,"N","Slope County, North Dakota","Local Government","Service-Providing","County, by Domain -- by ownership sector","All establishment sizes",5,0,0,0,0,0,0,0
"38087",3,"102",72,0,2007,2,"N","Slope County, North Dakota","Local Government","Service-Providing","County, by Domain -- by ownership sector","All establishment sizes",5,0,0,0,0,0,0,0
"38087",3,"102",72,0,2007,3,"N","Slope County, North Dakota","Local Government","Service-Providing","County, by Domain -- by ownership sector","All establishment sizes",5,0,0,0,0,0,0,0
"38087",3,"102",72,0,2007,4,"N","Slope County, North Dakota","Local Government","Service-Providing","County, by Domain -- by ownership sector","All establishment sizes",5,0,0,0,0,0,0,0
"38087",3,1025,73,0,2007,1,"N","Slope County, North Dakota","Local Government","Education and Health Services","County, by Supersector -- by ownership sector","All establishment sizes",2,0,0,0,0,0,0,0
"38087",3,"1025",73,0,2007,2,"N","Slope County, North Dakota","Local Government","Education and Health Services","County, by Supersector -- by ownership sector","All establishment sizes",2,0,0,0,0,0,0,0
"38087",3,"1025",73,0,2007,3,"N","Slope County, North Dakota","Local Government","Education and Health Services","County, by Supersector -- by ownership sector","All establishment sizes",2,0,0,0,0,0,0,0
"38087",3,"1025",73,0,2007,4,"N","Slope County, North Dakota","Local Government","Education and Health Services","County, by Supersector -- by ownership sector","All establishment sizes",2,0,0,0,0,0,0,0
"38087",3,1028,73,0,2007,1,"","Slope County, North Dakota","Local Government","Public Administration","County, by Supersector -- by ownership sector","All establishment sizes",3,14,16,15,43071,4625,16,221
"38087",3,"1028",73,0,2007,2,"","Slope County, North Dakota","Local Government","Public Administration","County, by Supersector -- by ownership sector","All establishment sizes",3,15,16,17,52584,4625,16,253
"38087",3,"1028",73,0,2007,3,"","Slope County, North Dakota","Local Government","Public Administration","County, by Supersector -- by ownership sector","All establishment sizes",3,17,17,17,59933,4625,16,271
"38087",3,"1028",73,0,2007,4,"","Slope County, North Dakota","Local Government","Public Administration","County, by Supersector -- by ownership sector","All establishment sizes",3,17,17,17,63348,4625,16,287
"38087",3,61,74,0,2007,1,"N","Slope County, North Dakota","Local Government","Educational services","County, NAICS Sector -- by ownership sector","All establishment sizes",2,0,0,0,0,0,0,0
"38087",3,"61",74,0,2007,2,"N","Slope County, North Dakota","Local Government","Educational services","County, NAICS Sector -- by ownership sector","All establishment sizes",2,0,0,0,0,0,0,0
"38087",3,"61",74,0,2007,3,"N","Slope County, North Dakota","Local Government","Educational services","County, NAICS Sector -- by ownership sector","All establishment sizes",2,0,0,0,0,0,0,0
"38087",3,"61",74,0,2007,4,"N","Slope County, North Dakota","Local Government","Educational services","County, NAICS Sector -- by ownership sector","All establishment sizes",2,0,0,0,0,0,0,0
"38087",3,611,75,0,2007,1,"N","Slope County, North Dakota","Local Government","Educational services","County, NAICS 3-digit -- by ownership sector","All establishment sizes",2,0,0,0,0,0,0,0
"38087",3,"611",75,0,2007,2,"N","Slope County, North Dakota","Local Government","Educational services","County, NAICS 3-digit -- by ownership sector","All establishment sizes",2,0,0,0,0,0,0,0
"38087",3,"611",75,0,2007,3,"N","Slope County, North Dakota","Local Government","Educational services","County, NAICS 3-digit -- by ownership sector","All establishment sizes",2,0,0,0,0,0,0,0
"38087",3,"611",75,0,2007,4,"N","Slope County, North Dakota","Local Government","Educational services","County, NAICS 3-digit -- by ownership sector","All establishment sizes",2,0,0,0,0,0,0,0
"38087",3,6111,76,0,2007,1,"N","Slope County, North Dakota","Local Government","Elementary and secondary schools","County, NAICS 4-digit -- by ownership sector","All establishment sizes",2,0,0,0,0,0,0,0
"38087",3,"6111",76,0,2007,2,"N","Slope County, North Dakota","Local Government","Elementary and secondary schools","County, NAICS 4-digit -- by ownership sector","All establishment sizes",2,0,0,0,0,0,0,0
"38087",3,"6111",76,0,2007,3,"N","Slope County, North Dakota","Local Government","Elementary and secondary schools","County, NAICS 4-digit -- by ownership sector","All establishment sizes",2,0,0,0,0,0,0,0
"38087",3,"6111",76,0,2007,4,"N","Slope County, North Dakota","Local Government","Elementary and secondary schools","County, NAICS 4-digit -- by ownership sector","All establishment sizes",2,0,0,0,0,0,0,0
"38087",3,61111,77,0,2007,1,"N","Slope County, North Dakota","Local Government","Elementary and secondary schools","County, NAICS 5-digit -- by ownership sector","All establishment sizes",2,0,0,0,0,0,0,0
"38087",3,"61111",77,0,2007,2,"N","Slope County, North Dakota","Local Government","Elementary and secondary schools","County, NAICS 5-digit -- by ownership sector","All establishment sizes",2,0,0,0,0,0,0,0
"38087",3,"61111",77,0,2007,3,"N","Slope County, North Dakota","Local Government","Elementary and secondary schools","County, NAICS 5-digit -- by ownership sector","All establishment sizes",2,0,0,0,0,0,0,0
"38087",3,"61111",77,0,2007,4,"N","Slope County, North Dakota","Local Government","Elementary and secondary schools","County, NAICS 5-digit -- by ownership sector","All establishment sizes",2,0,0,0,0,0,0,0
"38087",3,611110,78,0,2007,1,"N","Slope County, North Dakota","Local Government","Elementary and secondary schools","County, NAICS 6-digit -- by ownership sector","All establishment sizes",2,0,0,0,0,0,0,0
"38087",3,"611110",78,0,2007,2,"N","Slope County, North Dakota","Local Government","Elementary and secondary schools","County, NAICS 6-digit -- by ownership sector","All establishment sizes",2,0,0,0,0,0,0,0
"38087",3,"611110",78,0,2007,3,"N","Slope County, North Dakota","Local Government","Elementary and secondary schools","County, NAICS 6-digit -- by ownership sector","All establishment sizes",2,0,0,0,0,0,0,0
"38087",3,"611110",78,0,2007,4,"N","Slope County, North Dakota","Local Government","Elementary and secondary schools","County, NAICS 6-digit -- by ownership sector","All establishment sizes",2,0,0,0,0,0,0,0
"38087",3,92,74,0,2007,1,"","Slope County, North Dakota","Local Government","Public Administration","County, NAICS Sector -- by ownership sector","All establishment sizes",3,14,16,15,43071,4625,16,221
"38087",3,"92",74,0,2007,2,"","Slope County, North Dakota","Local Government","Public Administration","County, NAICS Sector -- by ownership sector","All establishment sizes",3,15,16,17,52584,4625,16,253
"38087",3,"92",74,0,2007,3,"","Slope County, North Dakota","Local Government","Public Administration","County, NAICS Sector -- by ownership sector","All establishment sizes",3,17,17,17,59933,4625,16,271
"38087",3,"92",74,0,2007,4,"","Slope County, North Dakota","Local Government","Public Administration","County, NAICS Sector -- by ownership sector","All establishment sizes",3,17,17,17,63348,4625,16,287
"38087",3,921,75,0,2007,1,"N","Slope County, North Dakota","Local Government","Executive, legislative and general government","County, NAICS 3-digit -- by ownership sector","All establishment sizes",2,0,0,0,0,0,0,0
"38087",3,"921",75,0,2007,2,"N","Slope County, North Dakota","Local Government","Executive, legislative and general government","County, NAICS 3-digit -- by ownership sector","All establishment sizes",2,0,0,0,0,0,0,0
"38087",3,"921",75,0,2007,3,"N","Slope County, North Dakota","Local Government","Executive, legislative and general government","County, NAICS 3-digit -- by ownership sector","All establishment sizes",2,0,0,0,0,0,0,0
"38087",3,"921",75,0,2007,4,"N","Slope County, North Dakota","Local Government","Executive, legislative and general government","County, NAICS 3-digit -- by ownership sector","All establishment sizes",2,0,0,0,0,0,0,0
"38087",3,9211,76,0,2007,1,"N","Slope County, North Dakota","Local Government","Executive, legislative and general government","County, NAICS 4-digit -- by ownership sector","All establishment sizes",2,0,0,0,0,0,0,0
"38087",3,"9211",76,0,2007,2,"N","Slope County, North Dakota","Local Government","Executive, legislative and general government","County, NAICS 4-digit -- by ownership sector","All establishment sizes",2,0,0,0,0,0,0,0
"38087",3,"9211",76,0,2007,3,"N","Slope County, North Dakota","Local Government","Executive, legislative and general government","County, NAICS 4-digit -- by ownership sector","All establishment sizes",2,0,0,0,0,0,0,0
"38087",3,"9211",76,0,2007,4,"N","Slope County, North Dakota","Local Government","Executive, legislative and general government","County, NAICS 4-digit -- by ownership sector","All establishment sizes",2,0,0,0,0,0,0,0
"38087",3,92114,77,0,2007,1,"N","Slope County, North Dakota","Local Government","Executive and legislative offices, combined","County, NAICS 5-digit -- by ownership sector","All establishment sizes",2,0,0,0,0,0,0,0
"38087",3,"92114",77,0,2007,2,"N","Slope County, North Dakota","Local Government","Executive and legislative offices, combined","County, NAICS 5-digit -- by ownership sector","All establishment sizes",2,0,0,0,0,0,0,0
"38087",3,"92114",77,0,2007,3,"N","Slope County, North Dakota","Local Government","Executive and legislative offices, combined","County, NAICS 5-digit -- by ownership sector","All establishment sizes",2,0,0,0,0,0,0,0
"38087",3,"92114",77,0,2007,4,"N","Slope County, North Dakota","Local Government","Executive and legislative offices, combined","County, NAICS 5-digit -- by ownership sector","All establishment sizes",2,0,0,0,0,0,0,0
"38087",3,921140,78,0,2007,1,"N","Slope County, North Dakota","Local Government","Executive and legislative offices, combined","County, NAICS 6-digit -- by ownership sector","All establishment sizes",2,0,0,0,0,0,0,0
"38087",3,"921140",78,0,2007,2,"N","Slope County, North Dakota","Local Government","Executive and legislative offices, combined","County, NAICS 6-digit -- by ownership sector","All establishment sizes",2,0,0,0,0,0,0,0
"38087",3,"921140",78,0,2007,3,"N","Slope County, North Dakota","Local Government","Executive and legislative offices, combined","County, NAICS 6-digit -- by ownership sector","All establishment sizes",2,0,0,0,0,0,0,0
"38087",3,"921140",78,0,2007,4,"N","Slope County, North Dakota","Local Government","Executive and legislative offices, combined","County, NAICS 6-digit -- by ownership sector","All establishment sizes",2,0,0,0,0,0,0,0
"38087",3,926,75,0,2007,1,"N","Slope County, North Dakota","Local Government","Administration of economic programs","County, NAICS 3-digit -- by ownership sector","All establishment sizes",1,0,0,0,0,0,0,0
"38087",3,"926",75,0,2007,2,"N","Slope County, North Dakota","Local Government","Administration of economic programs","County, NAICS 3-digit -- by ownership sector","All establishment sizes",1,0,0,0,0,0,0,0
"38087",3,"926",75,0,2007,3,"N","Slope County, North Dakota","Local Government","Administration of economic programs","County, NAICS 3-digit -- by ownership sector","All establishment sizes",1,0,0,0,0,0,0,0
"38087",3,"926",75,0,2007,4,"N","Slope County, North Dakota","Local Government","Administration of economic programs","County, NAICS 3-digit -- by ownership sector","All establishment sizes",1,0,0,0,0,0,0,0
"38087",3,9261,76,0,2007,1,"N","Slope County, North Dakota","Local Government","Administration of economic programs","County, NAICS 4-digit -- by ownership sector","All establishment sizes",1,0,0,0,0,0,0,0
"38087",3,"9261",76,0,2007,2,"N","Slope County, North Dakota","Local Government","Administration of economic programs","County, NAICS 4-digit -- by ownership sector","All establishment sizes",1,0,0,0,0,0,0,0
"38087",3,"9261",76,0,2007,3,"N","Slope County, North Dakota","Local Government","Administration of economic programs","County, NAICS 4-digit -- by ownership sector","All establishment sizes",1,0,0,0,0,0,0,0
"38087",3,"9261",76,0,2007,4,"N","Slope County, North Dakota","Local Government","Administration of economic programs","County, NAICS 4-digit -- by ownership sector","All establishment sizes",1,0,0,0,0,0,0,0
"38087",3,92611,77,0,2007,1,"N","Slope County, North Dakota","Local Government","Administration of general economic programs","County, NAICS 5-digit -- by ownership sector","All establishment sizes",1,0,0,0,0,0,0,0
"38087",3,"92611",77,0,2007,2,"N","Slope County, North Dakota","Local Government","Administration of general economic programs","County, NAICS 5-digit -- by ownership sector","All establishment sizes",1,0,0,0,0,0,0,0
"38087",3,"92611",77,0,2007,3,"N","Slope County, North Dakota","Local Government","Administration of general economic programs","County, NAICS 5-digit -- by ownership sector","All establishment sizes",1,0,0,0,0,0,0,0
"38087",3,"92611",77,0,2007,4,"N","Slope County, North Dakota","Local Government","Administration of general economic programs","County, NAICS 5-digit -- by ownership sector","All establishment sizes",1,0,0,0,0,0,0,0
"38087",3,926110,78,0,2007,1,"N","Slope County, North Dakota","Local Government","Administration of general economic programs","County, NAICS 6-digit -- by ownership sector","All establishment sizes",1,0,0,0,0,0,0,0
"38087",3,"926110",78,0,2007,2,"N","Slope County, North Dakota","Local Government","Administration of general economic programs","County, NAICS 6-digit -- by ownership sector","All establishment sizes",1,0,0,0,0,0,0,0
"38087",3,"926110",78,0,2007,3,"N","Slope County, North Dakota","Local Government","Administration of general economic programs","County, NAICS 6-digit -- by ownership sector","All establishment sizes",1,0,0,0,0,0,0,0
"38087",3,"926110",78,0,2007,4,"N","Slope County, North Dakota","Local Government","Administration of general economic programs","County, NAICS 6-digit -- by ownership sector","All establishment sizes",1,0,0,0,0,0,0,0
"38087",5,10,71,0,2007,1,"","Slope County, North Dakota","Private","Total, all industries","County, Total -- by ownership sector","All establishment sizes",14,80,82,85,1173396,1118906,5515,1096
"38087",5,"10",71,0,2007,2,"","Slope County, North Dakota","Private","Total, all industries","County, Total -- by ownership sector","All establishment sizes",14,89,98,133,1373569,582501,4912,991
"38087",5,"10",71,0,2007,3,"","Slope County, North Dakota","Private","Total, all industries","County, Total -- by ownership sector","All establishment sizes",15,140,161,166,2385512,909077,11807,1179
"38087",5,"10",71,0,2007,4,"","Slope County, North Dakota","Private","Total, all industries","County, Total -- by ownership sector","All establishment sizes",14,168,177,161,2344424,650889,8287,1069
"38087",5,101,72,0,2007,1,"N","Slope County, North Dakota","Private","Goods-Producing","County, by Domain -- by ownership sector","All establishment sizes",6,0,0,0,0,0,0,0
"38087",5,"101",72,0,2007,2,"","Slope County, North Dakota","Private","Goods-Producing","County, by Domain -- by ownership sector","All establishment sizes",6,50,57,91,979977,387500,4208,1142
"38087",5,"101",72,0,2007,3,"N","Slope County, North Dakota","Private","Goods-Producing","County, by Domain -- by ownership sector","All establishment sizes",6,0,0,0,0,0,0,0
"38087",5,"101",72,0,2007,4,"N","Slope County, North Dakota","Private","Goods-Producing","County, by Domain -- by ownership sector","All establishment sizes",5,0,0,0,0,0,0,0
"38087",5,1011,73,0,2007,1,"N","Slope County, North Dakota","Private","Natural Resources and Mining","County, by Supersector -- by ownership sector","All establishment sizes",1,0,0,0,0,0,0,0
"38087",5,"1011",73,0,2007,2,"N","Slope County, North Dakota","Private","Natural Resources and Mining","County, by Supersector -- by ownership sector","All establishment sizes",1,0,0,0,0,0,0,0
"38087",5,"1011",73,0,2007,3,"N","Slope County, North Dakota","Private","Natural Resources and Mining","County, by Supersector -- by ownership sector","All establishment sizes",1,0,0,0,0,0,0,0
"38087",5,"1011",73,0,2007,4,"N","Slope County, North Dakota","Private","Natural Resources and Mining","County, by Supersector -- by ownership sector","All establishment sizes",1,0,0,0,0,0,0,0
"38087",5,1012,73,0,2007,1,"N","Slope County, North Dakota","Private","Construction","County, by Supersector -- by ownership sector","All establishment sizes",5,0,0,0,0,0,0,0
"38087",5,"1012",73,0,2007,2,"N","Slope County, North Dakota","Private","Construction","County, by Supersector -- by ownership sector","All establishment sizes",5,0,0,0,0,0,0,0
"38087",5,"1012",73,0,2007,3,"N","Slope County, North Dakota","Private","Construction","County, by Supersector -- by ownership sector","All establishment sizes",5,0,0,0,0,0,0,0
"38087",5,"1012",73,0,2007,4,"N","Slope County, North Dakota","Private","Construction","County, by Supersector -- by ownership sector","All establishment sizes",4,0,0,0,0,0,0,0
"38087",5,102,72,0,2007,1,"N","Slope County, North Dakota","Private","Service-Providing","County, by Domain -- by ownership sector","All establishment sizes",8,0,0,0,0,0,0,0
"38087",5,"102",72,0,2007,2,"","Slope County, North Dakota","Private","Service-Providing","County, by Domain -- by ownership sector","All establishment sizes",8,39,41,42,393592,195001,704,744
"38087",5,"102",72,0,2007,3,"N","Slope County, North Dakota","Private","Service-Providing","County, by Domain -- by ownership sector","All establishment sizes",9,0,0,0,0,0,0,0
"38087",5,"102",72,0,2007,4,"N","Slope County, North Dakota","Private","Service-Providing","County, by Domain -- by ownership sector","All establishment sizes",9,0,0,0,0,0,0,0
"38087",5,1021,73,0,2007,1,"N","Slope County, North Dakota","Private","Trade, Transportation, and Utilities","County, by Supersector -- by ownership sector","All establishment sizes",3,0,0,0,0,0,0,0
"38087",5,"1021",73,0,2007,2,"N","Slope County, North Dakota","Private","Trade, Transportation, and Utilities","County, by Supersector -- by ownership sector","All establishment sizes",3,0,0,0,0,0,0,0
"38087",5,"1021",73,0,2007,3,"N","Slope County, North Dakota","Private","Trade, Transportation, and Utilities","County, by Supersector -- by ownership sector","All establishment sizes",4,0,0,0,0,0,0,0
"38087",5,"1021",73,0,2007,4,"N","Slope County, North Dakota","Private","Trade, Transportation, and Utilities","County, by Supersector -- by ownership sector","All establishment sizes",4,0,0,0,0,0,0,0
"38087",5,1026,73,0,2007,1,"N","Slope County, North Dakota","Private","Leisure and Hospitality","County, by Supersector -- by ownership sector","All establishment sizes",3,0,0,0,0,0,0,0
"38087",5,"1026",73,0,2007,2,"N","Slope County, North Dakota","Private","Leisure and Hospitality","County, by Supersector -- by ownership sector","All establishment sizes",3,0,0,0,0,0,0,0
"38087",5,"1026",73,0,2007,3,"N","Slope County, North Dakota","Private","Leisure and Hospitality","County, by Supersector -- by ownership sector","All establishment sizes",3,0,0,0,0,0,0,0
"38087",5,"1026",73,0,2007,4,"N","Slope County, North Dakota","Private","Leisure and Hospitality","County, by Supersector -- by ownership sector","All establishment sizes",2,0,0,0,0,0,0,0
"38087",5,1027,73,0,2007,1,"N","Slope County, North Dakota","Private","Other Services","County, by Supersector -- by ownership sector","All establishment sizes",2,0,0,0,0,0,0,0
"38087",5,"1027",73,0,2007,2,"N","Slope County, North Dakota","Private","Other Services","County, by Supersector -- by ownership sector","All establishment sizes",2,0,0,0,0,0,0,0
"38087",5,"1027",73,0,2007,3,"N","Slope County, North Dakota","Private","Other Services","County, by Supersector -- by ownership sector","All establishment sizes",2,0,0,0,0,0,0,0
"38087",5,"1027",73,0,2007,4,"","Slope County, North Dakota","Private","Other Services","County, by Supersector -- by ownership sector","All establishment sizes",3,6,7,6,21890,21578,79,266
"38087",5,21,74,0,2007,1,"N","Slope County, North Dakota","Private","Mining, quarrying, and oil and gas extraction","County, NAICS Sector -- by ownership sector","All establishment sizes",1,0,0,0,0,0,0,0
"38087",5,"21",74,0,2007,2,"N","Slope County, North Dakota","Private","Mining, quarrying, and oil and gas extraction","County, NAICS Sector -- by ownership sector","All establishment sizes",1,0,0,0,0,0,0,0
"38087",5,"21",74,0,2007,3,"N","Slope County, North Dakota","Private","Mining, quarrying, and oil and gas extraction","County, NAICS Sector -- by ownership sector","All establishment sizes",1,0,0,0,0,0,0,0
"38087",5,"21",74,0,2007,4,"N","Slope County, North Dakota","Private","Mining, quarrying, and oil and gas extraction","County, NAICS Sector -- by ownership sector","All establishment sizes",1,0,0,0,0,0,0,0
"38087",5,213,75,0,2007,1,"N","Slope County, North Dakota","Private","Support activities for mining","County, NAICS 3-digit -- by ownership sector","All establishment sizes",1,0,0,0,0,0,0,0
"38087",5,"213",75,0,2007,2,"N","Slope County, North Dakota","Private","Support activities for mining","County, NAICS 3-digit -- by ownership sector","All establishment sizes",1,0,0,0,0,0,0,0
"38087",5,"213",75,0,2007,3,"N","Slope County, North Dakota","Private","Support activities for mining","County, NAICS 3-digit -- by ownership sector","All establishment sizes",1,0,0,0,0,0,0,0
"38087",5,"213",75,0,2007,4,"N","Slope County, North Dakota","Private","Support activities for mining","County, NAICS 3-digit -- by ownership sector","All establishment sizes",1,0,0,0,0,0,0,0
"38087",5,2131,76,0,2007,1,"N","Slope County, North Dakota","Private","Support activities for mining","County, NAICS 4-digit -- by ownership sector","All establishment sizes",1,0,0,0,0,0,0,0
"38087",5,"2131",76,0,2007,2,"N","Slope County, North Dakota","Private","Support activities for mining","County, NAICS 4-digit -- by ownership sector","All establishment sizes",1,0,0,0,0,0,0,0
"38087",5,"2131",76,0,2007,3,"N","Slope County, North Dakota","Private","Support activities for mining","County, NAICS 4-digit -- by ownership sector","All establishment sizes",1,0,0,0,0,0,0,0
"38087",5,"2131",76,0,2007,4,"N","Slope County, North Dakota","Private","Support activities for mining","County, NAICS 4-digit -- by ownership sector","All establishment sizes",1,0,0,0,0,0,0,0
"38087",5,21311,77,0,2007,1,"N","Slope County, North Dakota","Private","Support activities for mining","County, NAICS 5-digit -- by ownership sector","All establishment sizes",1,0,0,0,0,0,0,0
"38087",5,"21311",77,0,2007,2,"N","Slope County, North Dakota","Private","Support activities for mining","County, NAICS 5-digit -- by ownership sector","All establishment sizes",1,0,0,0,0,0,0,0
"38087",5,"21311",77,0,2007,3,"N","Slope County, North Dakota","Private","Support activities for mining","County, NAICS 5-digit -- by ownership sector","All establishment sizes",1,0,0,0,0,0,0,0
"38087",5,"21311",77,0,2007,4,"N","Slope County, North Dakota","Private","Support activities for mining","County, NAICS 5-digit -- by ownership sector","All establishment sizes",1,0,0,0,0,0,0,0
"38087",5,213112,78,0,2007,1,"N","Slope County, North Dakota","Private","Support activities for oil and gas operations","County, NAICS 6-digit -- by ownership sector","All establishment sizes",1,0,0,0,0,0,0,0
"38087",5,"213112",78,0,2007,2,"N","Slope County, North Dakota","Private","Support activities for oil and gas operations","County, NAICS 6-digit -- by ownership sector","All establishment sizes",1,0,0,0,0,0,0,0
"38087",5,"213112",78,0,2007,3,"N","Slope County, North Dakota","Private","Support activities for oil and gas operations","County, NAICS 6-digit -- by ownership sector","All establishment sizes",1,0,0,0,0,0,0,0
"38087",5,"213112",78,0,2007,4,"N","Slope County, North Dakota","Private","Support activities for oil and gas operations","County, NAICS 6-digit -- by ownership sector","All establishment sizes",1,0,0,0,0,0,0,0
"38087",5,23,74,0,2007,1,"N","Slope County, North Dakota","Private","Construction","County, NAICS Sector -- by ownership sector","All establishment sizes",5,0,0,0,0,0,0,0
"38087",5,"23",74,0,2007,2,"N","Slope County, North Dakota","Private","Construction","County, NAICS Sector -- by ownership sector","All establishment sizes",5,0,0,0,0,0,0,0
"38087",5,"23",74,0,2007,3,"N","Slope County, North Dakota","Private","Construction","County, NAICS Sector -- by ownership sector","All establishment sizes",5,0,0,0,0,0,0,0
"38087",5,"23",74,0,2007,4,"N","Slope County, North Dakota","Private","Construction","County, NAICS Sector -- by ownership sector","All establishment sizes",4,0,0,0,0,0,0,0
"38087",5,237,75,0,2007,1,"N","Slope County, North Dakota","Private","Heavy and civil engineering construction","County, NAICS 3-digit -- by ownership sector","All establishment sizes",3,0,0,0,0,0,0,0
"38087",5,"237",75,0,2007,2,"N","Slope County, North Dakota","Private","Heavy and civil engineering construction","County, NAICS 3-digit -- by ownership sector","All establishment sizes",3,0,0,0,0,0,0,0
"38087",5,"237",75,0,2007,3,"N","Slope County, North Dakota","Private","Heavy and civil engineering construction","County, NAICS 3-digit -- by ownership sector","All establishment sizes",3,0,0,0,0,0,0,0
"38087",5,"237",75,0,2007,4,"N","Slope County, North Dakota","Private","Heavy and civil engineering construction","County, NAICS 3-digit -- by ownership sector","All establishment sizes",2,0,0,0,0,0,0,0
"38087",5,2371,76,0,2007,1,"N","Slope County, North Dakota","Private","Utility system construction","County, NAICS 4-digit -- by ownership sector","All establishment sizes",1,0,0,0,0,0,0,0
"38087",5,"2371",76,0,2007,2,"N","Slope County, North Dakota","Private","Utility system construction","County, NAICS 4-digit -- by ownership sector","All establishment sizes",1,0,0,0,0,0,0,0
"38087",5,"2371",76,0,2007,3,"N","Slope County, North Dakota","Private","Utility system construction","County, NAICS 4-digit -- by ownership sector","All establishment sizes",1,0,0,0,0,0,0,0
"38087",5,"2371",76,0,2007,4,"N","Slope County, North Dakota","Private","Utility system construction","County, NAICS 4-digit -- by ownership sector","All establishment sizes",1,0,0,0,0,0,0,0
"38087",5,23712,77,0,2007,1,"N","Slope County, North Dakota","Private","Oil and gas pipeline construction","County, NAICS 5-digit -- by ownership sector","All establishment sizes",1,0,0,0,0,0,0,0
"38087",5,"23712",77,0,2007,2,"N","Slope County, North Dakota","Private","Oil and gas pipeline construction","County, NAICS 5-digit -- by ownership sector","All establishment sizes",1,0,0,0,0,0,0,0
"38087",5,"23712",77,0,2007,3,"N","Slope County, North Dakota","Private","Oil and gas pipeline construction","County, NAICS 5-digit -- by ownership sector","All establishment sizes",1,0,0,0,0,0,0,0
"38087",5,"23712",77,0,2007,4,"N","Slope County, North Dakota","Private","Oil and gas pipeline construction","County, NAICS 5-digit -- by ownership sector","All establishment sizes",1,0,0,0,0,0,0,0
"38087",5,237120,78,0,2007,1,"N","Slope County, North Dakota","Private","Oil and gas pipeline construction","County, NAICS 6-digit -- by ownership sector","All establishment sizes",1,0,0,0,0,0,0,0
"38087",5,"237120",78,0,2007,2,"N","Slope County, North Dakota","Private","Oil and gas pipeline construction","County, NAICS 6-digit -- by ownership sector","All establishment sizes",1,0,0,0,0,0,0,0
"38087",5,"237120",78,0,2007,3,"N","Slope County, North Dakota","Private","Oil and gas pipeline construction","County, NAICS 6-digit -- by ownership sector","All establishment sizes",1,0,0,0,0,0,0,0
"38087",5,"237120",78,0,2007,4,"N","Slope County, North Dakota","Private","Oil and gas pipeline construction","County, NAICS 6-digit -- by ownership sector","All establishment sizes",1,0,0,0,0,0,0,0
"38087",5,2373,76,0,2007,1,"N","Slope County, North Dakota","Private","Highway, street, and bridge construction","County, NAICS 4-digit -- by ownership sector","All establishment sizes",1,0,0,0,0,0,0,0
"38087",5,"2373",76,0,2007,2,"N","Slope County, North Dakota","Private","Highway, street, and bridge construction","County, NAICS 4-digit -- by ownership sector","All establishment sizes",1,0,0,0,0,0,0,0
"38087",5,"2373",76,0,2007,3,"N","Slope County, North Dakota","Private","Highway, street, and bridge construction","County, NAICS 4-digit -- by ownership sector","All establishment sizes",1,0,0,0,0,0,0,0
"38087",5,"2373",76,0,2007,4,"N","Slope County, North Dakota","Private","Highway, street, and bridge construction","County, NAICS 4-digit -- by ownership sector","All establishment sizes",1,0,0,0,0,0,0,0
"38087",5,23731,77,0,2007,1,"N","Slope County, North Dakota","Private","Highway, street, and bridge construction","County, NAICS 5-digit -- by ownership sector","All establishment sizes",1,0,0,0,0,0,0,0
"38087",5,"23731",77,0,2007,2,"N","Slope County, North Dakota","Private","Highway, street, and bridge construction","County, NAICS 5-digit -- by ownership sector","All establishment sizes",1,0,0,0,0,0,0,0
"38087",5,"23731",77,0,2007,3,"N","Slope County, North Dakota","Private","Highway, street, and bridge construction","County, NAICS 5-digit -- by ownership sector","All establishment sizes",1,0,0,0,0,0,0,0
"38087",5,"23731",77,0,2007,4,"N","Slope County, North Dakota","Private","Highway, street, and bridge construction","County, NAICS 5-digit -- by ownership sector","All establishment sizes",1,0,0,0,0,0,0,0
"38087",5,237310,78,0,2007,1,"N","Slope County, North Dakota","Private","Highway, street, and bridge construction","County, NAICS 6-digit -- by ownership sector","All establishment sizes",1,0,0,0,0,0,0,0
"38087",5,"237310",78,0,2007,2,"N","Slope County, North Dakota","Private","Highway, street, and bridge construction","County, NAICS 6-digit -- by ownership sector","All establishment sizes",1,0,0,0,0,0,0,0
"38087",5,"237310",78,0,2007,3,"N","Slope County, North Dakota","Private","Highway, street, and bridge construction","County, NAICS 6-digit -- by ownership sector","All establishment sizes",1,0,0,0,0,0,0,0
"38087",5,"237310",78,0,2007,4,"N","Slope County, North Dakota","Private","Highway, street, and bridge construction","County, NAICS 6-digit -- by ownership sector","All establishment sizes",1,0,0,0,0,0,0,0
"38087",5,2379,76,0,2007,1,"N","Slope County, North Dakota","Private","Other heavy construction","County, NAICS 4-digit -- by ownership sector","All establishment sizes",1,0,0,0,0,0,0,0
"38087",5,"2379",76,0,2007,2,"N","Slope County, North Dakota","Private","Other heavy construction","County, NAICS 4-digit -- by ownership sector","All establishment sizes",1,0,0,0,0,0,0,0
"38087",5,"2379",76,0,2007,3,"N","Slope County, North Dakota","Private","Other heavy construction","County, NAICS 4-digit -- by ownership sector","All establishment sizes",1,0,0,0,0,0,0,0
"38087",5,"2379",76,0,2007,4,"-","Slope County, North Dakota","Private","Other heavy construction","County, NAICS 4-digit -- by ownership sector","All establishment sizes",0,0,0,0,0,0,0,0
"38087",5,23799,77,0,2007,1,"N","Slope County, North Dakota","Private","Other heavy construction","County, NAICS 5-digit -- by ownership sector","All establishment sizes",1,0,0,0,0,0,0,0
"38087",5,"23799",77,0,2007,2,"N","Slope County, North Dakota","Private","Other heavy construction","County, NAICS 5-digit -- by ownership sector","All establishment sizes",1,0,0,0,0,0,0,0
"38087",5,"23799",77,0,2007,3,"N","Slope County, North Dakota","Private","Other heavy construction","County, NAICS 5-digit -- by ownership sector","All establishment sizes",1,0,0,0,0,0,0,0
"38087",5,"23799",77,0,2007,4,"-","Slope County, North Dakota","Private","Other heavy construction","County, NAICS 5-digit -- by ownership sector","All establishment sizes",0,0,0,0,0,0,0,0
"38087",5,237990,78,0,2007,1,"N","Slope County, North Dakota","Private","Other heavy construction","County, NAICS 6-digit -- by ownership sector","All establishment sizes",1,0,0,0,0,0,0,0
"38087",5,"237990",78,0,2007,2,"N","Slope County, North Dakota","Private","Other heavy construction","County, NAICS 6-digit -- by ownership sector","All establishment sizes",1,0,0,0,0,0,0,0
"38087",5,"237990",78,0,2007,3,"N","Slope County, North Dakota","Private","Other heavy construction","County, NAICS 6-digit -- by ownership sector","All establishment sizes",1,0,0,0,0,0,0,0
"38087",5,"237990",78,0,2007,4,"-","Slope County, North Dakota","Private","Other heavy construction","County, NAICS 6-digit -- by ownership sector","All establishment sizes",0,0,0,0,0,0,0,0
"38087",5,238,75,0,2007,1,"N","Slope County, North Dakota","Private","Specialty trade contractors","County, NAICS 3-digit -- by ownership sector","All establishment sizes",2,0,0,0,0,0,0,0
"38087",5,"238",75,0,2007,2,"N","Slope County, North Dakota","Private","Specialty trade contractors","County, NAICS 3-digit -- by ownership sector","All establishment sizes",2,0,0,0,0,0,0,0
"38087",5,"238",75,0,2007,3,"N","Slope County, North Dakota","Private","Specialty trade contractors","County, NAICS 3-digit -- by ownership sector","All establishment sizes",2,0,0,0,0,0,0,0
"38087",5,"238",75,0,2007,4,"N","Slope County, North Dakota","Private","Specialty trade contractors","County, NAICS 3-digit -- by ownership sector","All establishment sizes",2,0,0,0,0,0,0,0
"38087",5,2381,76,0,2007,1,"N","Slope County, North Dakota","Private","Building foundation and exterior contractors","County, NAICS 4-digit -- by ownership sector","All establishment sizes",1,0,0,0,0,0,0,0
"38087",5,"2381",76,0,2007,2,"N","Slope County, North Dakota","Private","Building foundation and exterior contractors","County, NAICS 4-digit -- by ownership sector","All establishment sizes",1,0,0,0,0,0,0,0
"38087",5,"2381",76,0,2007,3,"N","Slope County, North Dakota","Private","Building foundation and exterior contractors","County, NAICS 4-digit -- by ownership sector","All establishment sizes",1,0,0,0,0,0,0,0
"38087",5,"2381",76,0,2007,4,"N","Slope County, North Dakota","Private","Building foundation and exterior contractors","County, NAICS 4-digit -- by ownership sector","All establishment sizes",1,0,0,0,0,0,0,0
"38087",5,23819,77,0,2007,1,"N","Slope County, North Dakota","Private","Other building exterior contractors","County, NAICS 5-digit -- by ownership sector","All establishment sizes",1,0,0,0,0,0,0,0
"38087",5,"23819",77,0,2007,2,"N","Slope County, North Dakota","Private","Other building exterior contractors","County, NAICS 5-digit -- by ownership sector","All establishment sizes",1,0,0,0,0,0,0,0
"38087",5,"23819",77,0,2007,3,"N","Slope County, North Dakota","Private","Other building exterior contractors","County, NAICS 5-digit -- by ownership sector","All establishment sizes",1,0,0,0,0,0,0,0
"38087",5,"23819",77,0,2007,4,"N","Slope County, North Dakota","Private","Other building exterior contractors","County, NAICS 5-digit -- by ownership sector","All establishment sizes",1,0,0,0,0,0,0,0
"38087",5,238192,78,0,2007,1,"N","Slope County, North Dakota","Private","Other nonresidential exterior contractors","County, NAICS 6-digit -- by ownership sector","All establishment sizes",1,0,0,0,0,0,0,0
"38087",5,"238192",78,0,2007,2,"N","Slope County, North Dakota","Private","Other nonresidential exterior contractors","County, NAICS 6-digit -- by ownership sector","All establishment sizes",1,0,0,0,0,0,0,0
"38087",5,"238192",78,0,2007,3,"N","Slope County, North Dakota","Private","Other nonresidential exterior contractors","County, NAICS 6-digit -- by ownership sector","All establishment sizes",1,0,0,0,0,0,0,0
"38087",5,"238192",78,0,2007,4,"N","Slope County, North Dakota","Private","Other nonresidential exterior contractors","County, NAICS 6-digit -- by ownership sector","All establishment sizes",1,0,0,0,0,0,0,0
"38087",5,2382,76,0,2007,1,"N","Slope County, North Dakota","Private","Building equipment contractors","County, NAICS 4-digit -- by ownership sector","All establishment sizes",1,0,0,0,0,0,0,0
"38087",5,"2382",76,0,2007,2,"N","Slope County, North Dakota","Private","Building equipment contractors","County, NAICS 4-digit -- by ownership sector","All establishment sizes",1,0,0,0,0,0,0,0
"38087",5,"2382",76,0,2007,3,"N","Slope County, North Dakota","Private","Building equipment contractors","County, NAICS 4-digit -- by ownership sector","All establishment sizes",1,0,0,0,0,0,0,0
"38087",5,"2382",76,0,2007,4,"N","Slope County, North Dakota","Private","Building equipment contractors","County, NAICS 4-digit -- by ownership sector","All establishment sizes",1,0,0,0,0,0,0,0
"38087",5,23821,77,0,2007,1,"N","Slope County, North Dakota","Private","Electrical and wiring contractors","County, NAICS 5-digit -- by ownership sector","All establishment sizes",1,0,0,0,0,0,0,0
"38087",5,"23821",77,0,2007,2,"N","Slope County, North Dakota","Private","Electrical and wiring contractors","County, NAICS 5-digit -- by ownership sector","All establishment sizes",1,0,0,0,0,0,0,0
"38087",5,"23821",77,0,2007,3,"N","Slope County, North Dakota","Private","Electrical and wiring contractors","County, NAICS 5-digit -- by ownership sector","All establishment sizes",1,0,0,0,0,0,0,0
"38087",5,"23821",77,0,2007,4,"N","Slope County, North Dakota","Private","Electrical and wiring contractors","County, NAICS 5-digit -- by ownership sector","All establishment sizes",1,0,0,0,0,0,0,0
"38087",5,238211,78,0,2007,1,"N","Slope County, North Dakota","Private","Residential electrical contractors","County, NAICS 6-digit -- by ownership sector","All establishment sizes",1,0,0,0,0,0,0,0
"38087",5,"238211",78,0,2007,2,"N","Slope County, North Dakota","Private","Residential electrical contractors","County, NAICS 6-digit -- by ownership sector","All establishment sizes",1,0,0,0,0,0,0,0
"38087",5,"238211",78,0,2007,3,"N","Slope County, North Dakota","Private","Residential electrical contractors","County, NAICS 6-digit -- by ownership sector","All establishment sizes",1,0,0,0,0,0,0,0
"38087",5,"238211",78,0,2007,4,"N","Slope County, North Dakota","Private","Residential electrical contractors","County, NAICS 6-digit -- by ownership sector","All establishment sizes",1,0,0,0,0,0,0,0
"38087",5,48-49,74,0,2007,1,"N","Slope County, North Dakota","Private","Transportation and warehousing","County, NAICS Sector -- by ownership sector","All establishment sizes",3,0,0,0,0,0,0,0
"38087",5,"48-49",74,0,2007,2,"N","Slope County, North Dakota","Private","Transportation and warehousing","County, NAICS Sector -- by ownership sector","All establishment sizes",3,0,0,0,0,0,0,0
"38087",5,"48-49",74,0,2007,3,"N","Slope County, North Dakota","Private","Transportation and warehousing","County, NAICS Sector -- by ownership sector","All establishment sizes",4,0,0,0,0,0,0,0
"38087",5,"48-49",74,0,2007,4,"N","Slope County, North Dakota","Private","Transportation and warehousing","County, NAICS Sector -- by ownership sector","All establishment sizes",4,0,0,0,0,0,0,0
"38087",5,484,75,0,2007,1,"N","Slope County, North Dakota","Private","Truck transportation","County, NAICS 3-digit -- by ownership sector","All establishment sizes",1,0,0,0,0,0,0,0
"38087",5,"484",75,0,2007,2,"N","Slope County, North Dakota","Private","Truck transportation","County, NAICS 3-digit -- by ownership sector","All establishment sizes",1,0,0,0,0,0,0,0
"38087",5,"484",75,0,2007,3,"N","Slope County, North Dakota","Private","Truck transportation","County, NAICS 3-digit -- by ownership sector","All establishment sizes",2,0,0,0,0,0,0,0
"38087",5,"484",75,0,2007,4,"N","Slope County, North Dakota","Private","Truck transportation","County, NAICS 3-digit -- by ownership sector","All establishment sizes",2,0,0,0,0,0,0,0
"38087",5,4842,76,0,2007,1,"N","Slope County, North Dakota","Private","Specialized freight trucking","County, NAICS 4-digit -- by ownership sector","All establishment sizes",1,0,0,0,0,0,0,0
"38087",5,"4842",76,0,2007,2,"N","Slope County, North Dakota","Private","Specialized freight trucking","County, NAICS 4-digit -- by ownership sector","All establishment sizes",1,0,0,0,0,0,0,0
"38087",5,"4842",76,0,2007,3,"N","Slope County, North Dakota","Private","Specialized freight trucking","County, NAICS 4-digit -- by ownership sector","All establishment sizes",2,0,0,0,0,0,0,0
"38087",5,"4842",76,0,2007,4,"N","Slope County, North Dakota","Private","Specialized freight trucking","County, NAICS 4-digit -- by ownership sector","All establishment sizes",2,0,0,0,0,0,0,0
"38087",5,48422,77,0,2007,1,"N","Slope County, North Dakota","Private","Other specialized trucking, local","County, NAICS 5-digit -- by ownership sector","All establishment sizes",1,0,0,0,0,0,0,0
"38087",5,"48422",77,0,2007,2,"N","Slope County, North Dakota","Private","Other specialized trucking, local","County, NAICS 5-digit -- by ownership sector","All establishment sizes",1,0,0,0,0,0,0,0
"38087",5,"48422",77,0,2007,3,"N","Slope County, North Dakota","Private","Other specialized trucking, local","County, NAICS 5-digit -- by ownership sector","All establishment sizes",2,0,0,0,0,0,0,0
"38087",5,"48422",77,0,2007,4,"N","Slope County, North Dakota","Private","Other specialized trucking, local","County, NAICS 5-digit -- by ownership sector","All establishment sizes",2,0,0,0,0,0,0,0
"38087",5,484220,78,0,2007,1,"N","Slope County, North Dakota","Private","Other specialized trucking, local","County, NAICS 6-digit -- by ownership sector","All establishment sizes",1,0,0,0,0,0,0,0
"38087",5,"484220",78,0,2007,2,"N","Slope County, North Dakota","Private","Other specialized trucking, local","County, NAICS 6-digit -- by ownership sector","All establishment sizes",1,0,0,0,0,0,0,0
"38087",5,"484220",78,0,2007,3,"N","Slope County, North Dakota","Private","Other specialized trucking, local","County, NAICS 6-digit -- by ownership sector","All establishment sizes",2,0,0,0,0,0,0,0
"38087",5,"484220",78,0,2007,4,"N","Slope County, North Dakota","Private","Other specialized trucking, local","County, NAICS 6-digit -- by ownership sector","All establishment sizes",2,0,0,0,0,0,0,0
"38087",5,491,75,0,2007,1,"N","Slope County, North Dakota","Private","Postal service","County, NAICS 3-digit -- by ownership sector","All establishment sizes",2,0,0,0,0,0,0,0
"38087",5,"491",75,0,2007,2,"N","Slope County, North Dakota","Private","Postal service","County, NAICS 3-digit -- by ownership sector","All establishment sizes",2,0,0,0,0,0,0,0
"38087",5,"491",75,0,2007,3,"N","Slope County, North Dakota","Private","Postal service","County, NAICS 3-digit -- by ownership sector","All establishment sizes",2,0,0,0,0,0,0,0
"38087",5,"491",75,0,2007,4,"N","Slope County, North Dakota","Private","Postal service","County, NAICS 3-digit -- by ownership sector","All establishment sizes",2,0,0,0,0,0,0,0
"38087",5,4911,76,0,2007,1,"N","Slope County, North Dakota","Private","Postal service","County, NAICS 4-digit -- by ownership sector","All establishment sizes",2,0,0,0,0,0,0,0
"38087",5,"4911",76,0,2007,2,"N","Slope County, North Dakota","Private","Postal service","County, NAICS 4-digit -- by ownership sector","All establishment sizes",2,0,0,0,0,0,0,0
"38087",5,"4911",76,0,2007,3,"N","Slope County, North Dakota","Private","Postal service","County, NAICS 4-digit -- by ownership sector","All establishment sizes",2,0,0,0,0,0,0,0
"38087",5,"4911",76,0,2007,4,"N","Slope County, North Dakota","Private","Postal service","County, NAICS 4-digit -- by ownership sector","All establishment sizes",2,0,0,0,0,0,0,0
"38087",5,49111,77,0,2007,1,"N","Slope County, North Dakota","Private","Postal service","County, NAICS 5-digit -- by ownership sector","All establishment sizes",2,0,0,0,0,0,0,0
"38087",5,"49111",77,0,2007,2,"N","Slope County, North Dakota","Private","Postal service","County, NAICS 5-digit -- by ownership sector","All establishment sizes",2,0,0,0,0,0,0,0
"38087",5,"49111",77,0,2007,3,"N","Slope County, North Dakota","Private","Postal service","County, NAICS 5-digit -- by ownership sector","All establishment sizes",2,0,0,0,0,0,0,0
"38087",5,"49111",77,0,2007,4,"N","Slope County, North Dakota","Private","Postal service","County, NAICS 5-digit -- by ownership sector","All establishment sizes",2,0,0,0,0,0,0,0
"38087",5,491110,78,0,2007,1,"N","Slope County, North Dakota","Private","Postal service","County, NAICS 6-digit -- by ownership sector","All establishment sizes",2,0,0,0,0,0,0,0
"38087",5,"491110",78,0,2007,2,"N","Slope County, North Dakota","Private","Postal service","County, NAICS 6-digit -- by ownership sector","All establishment sizes",2,0,0,0,0,0,0,0
"38087",5,"491110",78,0,2007,3,"N","Slope County, North Dakota","Private","Postal service","County, NAICS 6-digit -- by ownership sector","All establishment sizes",2,0,0,0,0,0,0,0
"38087",5,"491110",78,0,2007,4,"N","Slope County, North Dakota","Private","Postal service","County, NAICS 6-digit -- by ownership sector","All establishment sizes",2,0,0,0,0,0,0,0
"38087",5,71,74,0,2007,1,"N","Slope County, North Dakota","Private","Arts, entertainment, and recreation","County, NAICS Sector -- by ownership sector","All establishment sizes",1,0,0,0,0,0,0,0
"38087",5,"71",74,0,2007,2,"N","Slope County, North Dakota","Private","Arts, entertainment, and recreation","County, NAICS Sector -- by ownership sector","All establishment sizes",1,0,0,0,0,0,0,0
"38087",5,"71",74,0,2007,3,"N","Slope County, North Dakota","Private","Arts, entertainment, and recreation","County, NAICS Sector -- by ownership sector","All establishment sizes",1,0,0,0,0,0,0,0
"38087",5,"71",74,0,2007,4,"-","Slope County, North Dakota","Private","Arts, entertainment, and recreation","County, NAICS Sector -- by ownership sector","All establishment sizes",0,0,0,0,0,0,0,0
"38087",5,712,75,0,2007,1,"N","Slope County, North Dakota","Private","Museums, historical sites, zoos, and parks","County, NAICS 3-digit -- by ownership sector","All establishment sizes",1,0,0,0,0,0,0,0
"38087",5,"712",75,0,2007,2,"N","Slope County, North Dakota","Private","Museums, historical sites, zoos, and parks","County, NAICS 3-digit -- by ownership sector","All establishment sizes",1,0,0,0,0,0,0,0
"38087",5,"712",75,0,2007,3,"N","Slope County, North Dakota","Private","Museums, historical sites, zoos, and parks","County, NAICS 3-digit -- by ownership sector","All establishment sizes",1,0,0,0,0,0,0,0
"38087",5,"712",75,0,2007,4,"-","Slope County, North Dakota","Private","Museums, historical sites, zoos, and parks","County, NAICS 3-digit -- by ownership sector","All establishment sizes",0,0,0,0,0,0,0,0
"38087",5,7121,76,0,2007,1,"N","Slope County, North Dakota","Private","Museums, historical sites, zoos, and parks","County, NAICS 4-digit -- by ownership sector","All establishment sizes",1,0,0,0,0,0,0,0
"38087",5,"7121",76,0,2007,2,"N","Slope County, North Dakota","Private","Museums, historical sites, zoos, and parks","County, NAICS 4-digit -- by ownership sector","All establishment sizes",1,0,0,0,0,0,0,0
"38087",5,"7121",76,0,2007,3,"N","Slope County, North Dakota","Private","Museums, historical sites, zoos, and parks","County, NAICS 4-digit -- by ownership sector","All establishment sizes",1,0,0,0,0,0,0,0
"38087",5,"7121",76,0,2007,4,"-","Slope County, North Dakota","Private","Museums, historical sites, zoos, and parks","County, NAICS 4-digit -- by ownership sector","All establishment sizes",0,0,0,0,0,0,0,0
"38087",5,71211,77,0,2007,1,"N","Slope County, North Dakota","Private","Museums","County, NAICS 5-digit -- by ownership sector","All establishment sizes",1,0,0,0,0,0,0,0
"38087",5,"71211",77,0,2007,2,"N","Slope County, North Dakota","Private","Museums","County, NAICS 5-digit -- by ownership sector","All establishment sizes",1,0,0,0,0,0,0,0
"38087",5,"71211",77,0,2007,3,"N","Slope County, North Dakota","Private","Museums","County, NAICS 5-digit -- by ownership sector","All establishment sizes",1,0,0,0,0,0,0,0
"38087",5,"71211",77,0,2007,4,"-","Slope County, North Dakota","Private","Museums","County, NAICS 5-digit -- by ownership sector","All establishment sizes",0,0,0,0,0,0,0,0
"38087",5,712110,78,0,2007,1,"N","Slope County, North Dakota","Private","Museums","County, NAICS 6-digit -- by ownership sector","All establishment sizes",1,0,0,0,0,0,0,0
"38087",5,"712110",78,0,2007,2,"N","Slope County, North Dakota","Private","Museums","County, NAICS 6-digit -- by ownership sector","All establishment sizes",1,0,0,0,0,0,0,0
"38087",5,"712110",78,0,2007,3,"N","Slope County, North Dakota","Private","Museums","County, NAICS 6-digit -- by ownership sector","All establishment sizes",1,0,0,0,0,0,0,0
"38087",5,"712110",78,0,2007,4,"-","Slope County, North Dakota","Private","Museums","County, NAICS 6-digit -- by ownership sector","All establishment sizes",0,0,0,0,0,0,0,0
"38087",5,72,74,0,2007,1,"N","Slope County, North Dakota","Private","Accommodation and food services","County, NAICS Sector -- by ownership sector","All establishment sizes",2,0,0,0,0,0,0,0
"38087",5,"72",74,0,2007,2,"N","Slope County, North Dakota","Private","Accommodation and food services","County, NAICS Sector -- by ownership sector","All establishment sizes",2,0,0,0,0,0,0,0
"38087",5,"72",74,0,2007,3,"N","Slope County, North Dakota","Private","Accommodation and food services","County, NAICS Sector -- by ownership sector","All establishment sizes",2,0,0,0,0,0,0,0
"38087",5,"72",74,0,2007,4,"N","Slope County, North Dakota","Private","Accommodation and food services","County, NAICS Sector -- by ownership sector","All establishment sizes",2,0,0,0,0,0,0,0
"38087",5,722,75,0,2007,1,"N","Slope County, North Dakota","Private","Food services and drinking places","County, NAICS 3-digit -- by ownership sector","All establishment sizes",2,0,0,0,0,0,0,0
"38087",5,"722",75,0,2007,2,"N","Slope County, North Dakota","Private","Food services and drinking places","County, NAICS 3-digit -- by ownership sector","All establishment sizes",2,0,0,0,0,0,0,0
"38087",5,"722",75,0,2007,3,"N","Slope County, North Dakota","Private","Food services and drinking places","County, NAICS 3-digit -- by ownership sector","All establishment sizes",2,0,0,0,0,0,0,0
"38087",5,"722",75,0,2007,4,"N","Slope County, North Dakota","Private","Food services and drinking places","County, NAICS 3-digit -- by ownership sector","All establishment sizes",2,0,0,0,0,0,0,0
"38087",5,7221,76,0,2007,1,"N","Slope County, North Dakota","Private","Full-service restaurants","County, NAICS 4-digit -- by ownership sector","All establishment sizes",2,0,0,0,0,0,0,0
"38087",5,"7221",76,0,2007,2,"N","Slope County, North Dakota","Private","Full-service restaurants","County, NAICS 4-digit -- by ownership sector","All establishment sizes",2,0,0,0,0,0,0,0
"38087",5,"7221",76,0,2007,3,"N","Slope County, North Dakota","Private","Full-service restaurants","County, NAICS 4-digit -- by ownership sector","All establishment sizes",2,0,0,0,0,0,0,0
"38087",5,"7221",76,0,2007,4,"N","Slope County, North Dakota","Private","Full-service restaurants","County, NAICS 4-digit -- by ownership sector","All establishment sizes",2,0,0,0,0,0,0,0
"38087",5,72211,77,0,2007,1,"N","Slope County, North Dakota","Private","Full-service restaurants","County, NAICS 5-digit -- by ownership sector","All establishment sizes",2,0,0,0,0,0,0,0
"38087",5,"72211",77,0,2007,2,"N","Slope County, North Dakota","Private","Full-service restaurants","County, NAICS 5-digit -- by ownership sector","All establishment sizes",2,0,0,0,0,0,0,0
"38087",5,"72211",77,0,2007,3,"N","Slope County, North Dakota","Private","Full-service restaurants","County, NAICS 5-digit -- by ownership sector","All establishment sizes",2,0,0,0,0,0,0,0
"38087",5,"72211",77,0,2007,4,"N","Slope County, North Dakota","Private","Full-service restaurants","County, NAICS 5-digit -- by ownership sector","All establishment sizes",2,0,0,0,0,0,0,0
"38087",5,722110,78,0,2007,1,"N","Slope County, North Dakota","Private","Full-service restaurants","County, NAICS 6-digit -- by ownership sector","All establishment sizes",2,0,0,0,0,0,0,0
"38087",5,"722110",78,0,2007,2,"N","Slope County, North Dakota","Private","Full-service restaurants","County, NAICS 6-digit -- by ownership sector","All establishment sizes",2,0,0,0,0,0,0,0
"38087",5,"722110",78,0,2007,3,"N","Slope County, North Dakota","Private","Full-service restaurants","County, NAICS 6-digit -- by ownership sector","All establishment sizes",2,0,0,0,0,0,0,0
"38087",5,"722110",78,0,2007,4,"N","Slope County, North Dakota","Private","Full-service restaurants","County, NAICS 6-digit -- by ownership sector","All establishment sizes",2,0,0,0,0,0,0,0
"38087",5,81,74,0,2007,1,"N","Slope County, North Dakota","Private","Other services, except public administration","County, NAICS Sector -- by ownership sector","All establishment sizes",2,0,0,0,0,0,0,0
"38087",5,"81",74,0,2007,2,"N","Slope County, North Dakota","Private","Other services, except public administration","County, NAICS Sector -- by ownership sector","All establishment sizes",2,0,0,0,0,0,0,0
"38087",5,"81",74,0,2007,3,"N","Slope County, North Dakota","Private","Other services, except public administration","County, NAICS Sector -- by ownership sector","All establishment sizes",2,0,0,0,0,0,0,0
"38087",5,"81",74,0,2007,4,"","Slope County, North Dakota","Private","Other services, except public administration","County, NAICS Sector -- by ownership sector","All establishment sizes",3,6,7,6,21890,21578,79,266
"38087",5,813,75,0,2007,1,"N","Slope County, North Dakota","Private","Membership associations and organizations","County, NAICS 3-digit -- by ownership sector","All establishment sizes",2,0,0,0,0,0,0,0
"38087",5,"813",75,0,2007,2,"N","Slope County, North Dakota","Private","Membership associations and organizations","County, NAICS 3-digit -- by ownership sector","All establishment sizes",2,0,0,0,0,0,0,0
"38087",5,"813",75,0,2007,3,"N","Slope County, North Dakota","Private","Membership associations and organizations","County, NAICS 3-digit -- by ownership sector","All establishment sizes",2,0,0,0,0,0,0,0
"38087",5,"813",75,0,2007,4,"N","Slope County, North Dakota","Private","Membership associations and organizations","County, NAICS 3-digit -- by ownership sector","All establishment sizes",2,0,0,0,0,0,0,0
"38087",5,8133,76,0,2007,1,"N","Slope County, North Dakota","Private","Social advocacy organizations","County, NAICS 4-digit -- by ownership sector","All establishment sizes",1,0,0,0,0,0,0,0
"38087",5,"8133",76,0,2007,2,"N","Slope County, North Dakota","Private","Social advocacy organizations","County, NAICS 4-digit -- by ownership sector","All establishment sizes",1,0,0,0,0,0,0,0
"38087",5,"8133",76,0,2007,3,"N","Slope County, North Dakota","Private","Social advocacy organizations","County, NAICS 4-digit -- by ownership sector","All establishment sizes",1,0,0,0,0,0,0,0
"38087",5,"8133",76,0,2007,4,"N","Slope County, North Dakota","Private","Social advocacy organizations","County, NAICS 4-digit -- by ownership sector","All establishment sizes",1,0,0,0,0,0,0,0
"38087",5,81331,77,0,2007,1,"N","Slope County, North Dakota","Private","Social advocacy organizations","County, NAICS 5-digit -- by ownership sector","All establishment sizes",1,0,0,0,0,0,0,0
"38087",5,"81331",77,0,2007,2,"N","Slope County, North Dakota","Private","Social advocacy organizations","County, NAICS 5-digit -- by ownership sector","All establishment sizes",1,0,0,0,0,0,0,0
"38087",5,"81331",77,0,2007,3,"N","Slope County, North Dakota","Private","Social advocacy organizations","County, NAICS 5-digit -- by ownership sector","All establishment sizes",1,0,0,0,0,0,0,0
"38087",5,"81331",77,0,2007,4,"N","Slope County, North Dakota","Private","Social advocacy organizations","County, NAICS 5-digit -- by ownership sector","All establishment sizes",1,0,0,0,0,0,0,0
"38087",5,813312,78,0,2007,1,"N","Slope County, North Dakota","Private","Environment and conservation organizations","County, NAICS 6-digit -- by ownership sector","All establishment sizes",1,0,0,0,0,0,0,0
"38087",5,"813312",78,0,2007,2,"N","Slope County, North Dakota","Private","Environment and conservation organizations","County, NAICS 6-digit -- by ownership sector","All establishment sizes",1,0,0,0,0,0,0,0
"38087",5,"813312",78,0,2007,3,"N","Slope County, North Dakota","Private","Environment and conservation organizations","County, NAICS 6-digit -- by ownership sector","All establishment sizes",1,0,0,0,0,0,0,0
"38087",5,"813312",78,0,2007,4,"N","Slope County, North Dakota","Private","Environment and conservation organizations","County, NAICS 6-digit -- by ownership sector","All establishment sizes",1,0,0,0,0,0,0,0
"38087",5,8139,76,0,2007,1,"N","Slope County, North Dakota","Private","Professional and similar organizations","County, NAICS 4-digit -- by ownership sector","All establishment sizes",1,0,0,0,0,0,0,0
"38087",5,"8139",76,0,2007,2,"N","Slope County, North Dakota","Private","Professional and similar organizations","County, NAICS 4-digit -- by ownership sector","All establishment sizes",1,0,0,0,0,0,0,0
"38087",5,"8139",76,0,2007,3,"N","Slope County, North Dakota","Private","Professional and similar organizations","County, NAICS 4-digit -- by ownership sector","All establishment sizes",1,0,0,0,0,0,0,0
"38087",5,"8139",76,0,2007,4,"N","Slope County, North Dakota","Private","Professional and similar organizations","County, NAICS 4-digit -- by ownership sector","All establishment sizes",1,0,0,0,0,0,0,0
"38087",5,81391,77,0,2007,1,"N","Slope County, North Dakota","Private","Business associations","County, NAICS 5-digit -- by ownership sector","All establishment sizes",1,0,0,0,0,0,0,0
"38087",5,"81391",77,0,2007,2,"N","Slope County, North Dakota","Private","Business associations","County, NAICS 5-digit -- by ownership sector","All establishment sizes",1,0,0,0,0,0,0,0
"38087",5,"81391",77,0,2007,3,"N","Slope County, North Dakota","Private","Business associations","County, NAICS 5-digit -- by ownership sector","All establishment sizes",1,0,0,0,0,0,0,0
"38087",5,"81391",77,0,2007,4,"N","Slope County, North Dakota","Private","Business associations","County, NAICS 5-digit -- by ownership sector","All establishment sizes",1,0,0,0,0,0,0,0
"38087",5,813910,78,0,2007,1,"N","Slope County, North Dakota","Private","Business associations","County, NAICS 6-digit -- by ownership sector","All establishment sizes",1,0,0,0,0,0,0,0
"38087",5,"813910",78,0,2007,2,"N","Slope County, North Dakota","Private","Business associations","County, NAICS 6-digit -- by ownership sector","All establishment sizes",1,0,0,0,0,0,0,0
"38087",5,"813910",78,0,2007,3,"N","Slope County, North Dakota","Private","Business associations","County, NAICS 6-digit -- by ownership sector","All establishment sizes",1,0,0,0,0,0,0,0
"38087",5,"813910",78,0,2007,4,"N","Slope County, North Dakota","Private","Business associations","County, NAICS 6-digit -- by ownership sector","All establishment sizes",1,0,0,0,0,0,0,0
"38087",5,814,75,0,2007,1,"-","Slope County, North Dakota","Private","Private households","County, NAICS 3-digit -- by ownership sector","All establishment sizes",0,0,0,0,0,0,0,0
"38087",5,"814",75,0,2007,2,"-","Slope County, North Dakota","Private","Private households","County, NAICS 3-digit -- by ownership sector","All establishment sizes",0,0,0,0,0,0,0,0
"38087",5,"814",75,0,2007,3,"-","Slope County, North Dakota","Private","Private households","County, NAICS 3-digit -- by ownership sector","All establishment sizes",0,0,0,0,0,0,0,0
"38087",5,"814",75,0,2007,4,"N","Slope County, North Dakota","Private","Private households","County, NAICS 3-digit -- by ownership sector","All establishment sizes",1,0,0,0,0,0,0,0
"38087",5,8141,76,0,2007,1,"-","Slope County, North Dakota","Private","Private households","County, NAICS 4-digit -- by ownership sector","All establishment sizes",0,0,0,0,0,0,0,0
"38087",5,"8141",76,0,2007,2,"-","Slope County, North Dakota","Private","Private households","County, NAICS 4-digit -- by ownership sector","All establishment sizes",0,0,0,0,0,0,0,0
"38087",5,"8141",76,0,2007,3,"-","Slope County, North Dakota","Private","Private households","County, NAICS 4-digit -- by ownership sector","All establishment sizes",0,0,0,0,0,0,0,0
"38087",5,"8141",76,0,2007,4,"N","Slope County, North Dakota","Private","Private households","County, NAICS 4-digit -- by ownership sector","All establishment sizes",1,0,0,0,0,0,0,0
"38087",5,81411,77,0,2007,1,"-","Slope County, North Dakota","Private","Private households","County, NAICS 5-digit -- by ownership sector","All establishment sizes",0,0,0,0,0,0,0,0
"38087",5,"81411",77,0,2007,2,"-","Slope County, North Dakota","Private","Private households","County, NAICS 5-digit -- by ownership sector","All establishment sizes",0,0,0,0,0,0,0,0
"38087",5,"81411",77,0,2007,3,"-","Slope County, North Dakota","Private","Private households","County, NAICS 5-digit -- by ownership sector","All establishment sizes",0,0,0,0,0,0,0,0
"38087",5,"81411",77,0,2007,4,"N","Slope County, North Dakota","Private","Private households","County, NAICS 5-digit -- by ownership sector","All establishment sizes",1,0,0,0,0,0,0,0
"38087",5,814110,78,0,2007,1,"-","Slope County, North Dakota","Private","Private households","County, NAICS 6-digit -- by ownership sector","All establishment sizes",0,0,0,0,0,0,0,0
"38087",5,"814110",78,0,2007,2,"-","Slope County, North Dakota","Private","Private households","County, NAICS 6-digit -- by ownership sector","All establishment sizes",0,0,0,0,0,0,0,0
"38087",5,"814110",78,0,2007,3,"-","Slope County, North Dakota","Private","Private households","County, NAICS 6-digit -- by ownership sector","All establishment sizes",0,0,0,0,0,0,0,0
"38087",5,"814110",78,0,2007,4,"N","Slope County, North Dakota","Private","Private households","County, NAICS 6-digit -- by ownership sector","All establishment sizes",1,0,0,0,0,0,0,0

